"scientific_name","common_name","source"
"Abutilon indicum","indian abutilon","Lim, ""Edible Medicinal and Non-Medicinal Plants"""
"Abutilon megapotamicum","trailing abutilon","Lim, ""Edible Medicinal and Non-Medicinal Plants"""
"Acacia pennata","cha-om","BP"
"Acacia senegal","gum acacia","van Wyk, ""Food Plants of the World"""
"Acer ginnala","Amur maple","Facciola, ""Cornucopia"""
"Acer nigrum","black maple","JL"
"Acmella oleracea","toothache plant","Lim, ""Edible Medicinal and Non-Medicinal Plants"""
"Acronychia acidula","lemon aspen","Newton, ""The Oldest Foods on Earth"""
"Aframomum laurentii","bongongoo","BP"
"Agathosma betulina","buchu","van Wyk, ""Food Plants of the World"""
"Agave tequilana","tequila plant","van Wyk, ""Food Plants of the World"""
"Alibertia patinoi","boroj?","Blancke 2016"
"Allium cepa var. aggregatum","shallot","BP"
"Allium ledebourianum","wild onion","Milla 2020 Crop Origins"
"Allium porrum","garden leek","BP"
"Aloe cooperi","cooper's aloe","Peters, ""Edible Wild Plants of Subsaharan Africa"""
"Aloysia triphylla","lemon verbena","van Wyk, ""Food Plants of the World"""
"Alpinia conchigera","lesser alpinia","Lim, ""Edible Medicinal and Non-Medicinal Plants"""
"Alpinia globosa","round chinese cardamom","Milla 2020 Crop Origins"
"Alpinia latilabris","shell ginger","Lim, ""Edible Medicinal and Non-Medicinal Plants"""
"Alpinia malaccensis","malacca ginger","Lim, ""Edible Medicinal and Non-Medicinal Plants"""
"Alpinia zerumbet","shell ginger","Lim, ""Edible Medicinal and Non-Medicinal Plants"""
"Amaranthus cruentus","red amaranth","BP"
"Amaranthus dubius","red spinach","BP"
"Amaranthus thunbergii","thunberg's amaranthus","Peters, ""Edible Wild Plants of Subsaharan Africa"""
"Ammi majus","bishops weed","Milla 2020 Crop Origins"
"Amomum aromaticum","nepal cardamon","Lim, ""Edible Medicinal and Non-Medicinal Plants"""
"Amomum compactum","round cardamom","Lim, ""Edible Medicinal and Non-Medicinal Plants"""
"Amomum longiligulare","hainan amomum","Lim, ""Edible Medicinal and Non-Medicinal Plants"""
"Amomum subulatum","black cardamom","BP"
"Amomum verum","cambodian cardamom","Milla 2020 Crop Origins"
"Ananas parguazensis","ananas genus","Milla 2020 Crop Origins"
"Ancylobothrys petersiana","climbing milk-apricot","Peters, ""Edible Wild Plants of Subsaharan Africa"""
"Aneilema aequinoctiale","clinging aneilema","Peters, ""Edible Wild Plants of Subsaharan Africa"""
"Angelica japonica","ma qing","Milla 2020 Crop Origins"
"Annona atemoya","atemoya","Lim, ""Edible Medicinal and Non-Medicinal Plants"""
"Annona diversifolia","ilama","Lim, ""Edible Medicinal and Non-Medicinal Plants"""
"Annona scleroderma","cawesh","Milla 2020 Crop Origins"
"Anonidium mannii","bobo","BP"
"Anredera baselloides","anredera genus","Milla 2020 Crop Origins"
"Apium carvi","caraway","Milla 2020 Crop Origins"
"Apium prostratum","sea celery","Newton, ""The Oldest Foods on Earth"""
"Aponogeton distachyos","cape pondweed","van Wyk, ""Food Plants of the World"""
"Aquilegia caerulea","colorado blue columbine","Lim, ""Edible Medicinal and Non-Medicinal Plants"""
"Arachis villosulicarpa","perennial peanut","Milla 2020 Crop Origins"
"Archidendron bigeminum","kalitiya","Milla 2020 Crop Origins"
"Archidendron bubalinum","kerdas","Lim, ""Edible Medicinal and Non-Medicinal Plants"""
"Archidendron jiringa","djenkol tree","Lim, ""Edible Medicinal and Non-Medicinal Plants"""
"Argania spinosa","argan tree","van Wyk, ""Food Plants of the World"""
"Argyranthemum frutescens","paris daisy","Lim, ""Edible Medicinal and Non-Medicinal Plants"""
"Baccaurea angulata","belimbing hutan","Lim, ""Edible Medicinal and Non-Medicinal Plants"""
"Baccaurea dulcis","ketupa","Lim, ""Edible Medicinal and Non-Medicinal Plants"""
"Baccaurea edulis","tampoi","Lim, ""Edible Medicinal and Non-Medicinal Plants"""
"Baccaurea lanceolata","lampaong","Lim, ""Edible Medicinal and Non-Medicinal Plants"""
"Baccaurea macrocarpa","tampoi","Lim, ""Edible Medicinal and Non-Medicinal Plants"""
"Baccaurea motleyana","rambai","Lim, ""Edible Medicinal and Non-Medicinal Plants"""
"Baccaurea racemosa","kapundung","Lim, ""Edible Medicinal and Non-Medicinal Plants"""
"Bactris guineensis","prickly pole","Blancke 2016"
"Bambusa horsfieldii","bambu napap","Milla 2020 Crop Origins"
"Banksia integrifolia","coast banksia","Lim, ""Edible Medicinal and Non-Medicinal Plants"""
"Barringtonia novae-hiberniae","pau nut","Lim, ""Edible Medicinal and Non-Medicinal Plants"""
"Barringtonia procera","pau nut","Lim, ""Edible Medicinal and Non-Medicinal Plants"""
"Barringtonia scortechinii","putat","Lim, ""Edible Medicinal and Non-Medicinal Plants"""
"Begonia cucullata","wax begonia","Lim, ""Edible Medicinal and Non-Medicinal Plants"""
"Begonia x tuberhybrida","tuberous begonia","Lim, ""Edible Medicinal and Non-Medicinal Plants"""
"Beloperone californica","chuparosa","Facciola, ""Cornucopia"""
"Beta palonga","beta genus","Milla 2020 Crop Origins"
"Beta vulgaris subsp. cicla","chard","van Wyk, ""Food Plants of the World"""
"Beta vulgaris subsp. vulgaris","beet","BP"
"Billardiera scandens","apple berry","Newton, ""The Oldest Foods on Earth"""
"Brachiaria deflexa","guinea millet","Peters, ""Edible Wild Plants of Subsaharan Africa"""
"Brachiaria ramosa","browntop millet","Peters, ""Edible Wild Plants of Subsaharan Africa"""
"Brassica juncea var. juncea","brown mustard","BP"
"Brassica juncea var. rugosa","mustard greens","van Wyk, ""Food Plants of the World"""
"Brassica napobrassica","rutabaga","JL"
"Brassica oleracea var. alboglabra","gai-lan","BP"
"Brassica oleracea var. botrytis","cauliflower","BP"
"Brassica oleracea var. botrytis x italica","broccoflower","BP"
"Brassica oleracea var. capitata f. acuta","cone cabbage","BP"
"Brassica oleracea var. capitata f. alba","cabbage","BP"
"Brassica oleracea var. capitata f. rubra","red cabbage","BP"
"Brassica oleracea var. capitata f. sabauda","savoy cabbage","BP"
"Brassica oleracea var. costata","tronchuda kale","BP"
"Brassica oleracea var. gemmifera","brussels sprout","BP"
"Brassica oleracea var. gongylodes","kohlrabi","BP"
"Brassica oleracea var. italica","broccoli","BP"
"Brassica oleracea var. italica x alboglabra","broccolini","BP"
"Brassica oleracea var. longata","jersey cabbage","BP"
"Brassica oleracea var. medullosa","marrow cabbage","BP"
"Brassica oleracea var. oleracea","wild cabbage","BP"
"Brassica oleracea var. palmifolia","lacinato kale","BP"
"Brassica oleracea var. ramosa","perpetual kale","BP"
"Brassica oleracea var. sabellica","curly kale","van Wyk, ""Food Plants of the World"""
"Brassica oleracea var. viridis","kale/collard greens","BP"
"Brassica rapa subsp. chinensis","bok choy","BP"
"Brassica rapa subsp. narinosa","tatsoi","BP"
"Brassica rapa subsp. oleifera","field mustard","BP"
"Brassica rapa subsp. parachinensis","choy sum","BP"
"Brassica rapa subsp. pekinensis","napa cabbage","BP"
"Brassica rapa subsp. perviridis","komatsuna","BP"
"Brassica rapa subsp. rapa","turnip","BP"
"Brassica rapa subsp. trilocularis","yellow sarson","BP"
"Brassica rapa var. glabra","bomdong","BP"
"Brassica rapa var. rapifera","rapini","BP"
"Bromelia pinguin","wild pineapple","BP"
"Bromus mango","mango","Milla 2020 Crop Origins"
"Buchanania obovata","green plum","Newton, ""The Oldest Foods on Earth"""
"Bunchosia costaricensis","cereza","Milla 2020 Crop Origins"
"Bunium bulbocastanum","pig nut","Milla 2020 Crop Origins"
"Calathea allouia","guinea arrowroot","Milla 2020 Crop Origins"
"Campomanesia guaviroba","guabiroba","Milla 2020 Crop Origins"
"Campomanesia lineatifolia","chamba","Milla 2020 Crop Origins"
"Canarium schweinfurthii","african elemi","Kuete, ""Medicinal Spices and Vegetables from Africa"""
"Canavalia plagiosperma","oblique seed jackbean","Milla 2020 Crop Origins"
"Capparis arborea","native pomegranate","Newton, ""The Oldest Foods on Earth"""
"Capparis mitchellii","wild orange","Newton, ""The Oldest Foods on Earth"""
"Carica pentagona","babaco","Milla 2020 Crop Origins"
"Carica pubescens","mountain papaya","Blancke 2016"
"Carica x heilbornii","babaco","Blancke 2016"
"Carica x pentagona","babaco","BP"
"Carissa congesta","karanda","Blancke 2016"
"Carum roxburghianum","radhuni","Milla 2020 Crop Origins"
"Caryocar nuciferum","pekea nut","Milla 2020 Crop Origins"
"Cenchrus biflorus","indian sandbur","Peters, ""Edible Wild Plants of Subsaharan Africa"""
"Ceratotheca sesamoides","false sesame","Milla 2020 Crop Origins"
"Cereus hexagonus","cirio","Milla 2020 Crop Origins"
"Cereus repandus","peruvian apple cactus","JL"
"Chaerophyllum bulbosum","turnip rooted chervil","Milla 2020 Crop Origins"
"Cheilocostus speciosus","crepe ginger","Lim, ""Edible Medicinal and Non-Medicinal Plants"""
"Chenopodium bonus-henricus","good king henry","Milla 2020 Crop Origins"
"Chenopodium capitatum","strawberry blite","Milla 2020 Crop Origins"
"Chenopodium foliosum","pacaya palm","Milla 2020 Crop Origins"
"Chionachne gigantea","chionachne genus","Milla 2020 Crop Origins"
"Chondrus crispus","carageenan","JL"
"Chrysanthemum morifolium","florist's daisy","Lim, ""Edible Medicinal and Non-Medicinal Plants"""
"Chrysophyllum africanum","african star apple","Milla 2020 Crop Origins"
"Cichorium endivia","endive","JL"
"Cinamommum burmannii","indonesian cinnamon","BP"
"Cinamommum citriodorum","malabar cinnamon","BP"
"Cinamommum loureiroi","saigon cinnamon","BP"
"Cinnamomum cassia","cinnamon","BP"
"Cinnamomum loureiroi","saigon cinnamon","Milla 2020 Crop Origins"
"Citrus amblycarpa","nasnaran","Lim, ""Edible Medicinal and Non-Medicinal Plants"""
"Citrus aurantiifolia","key lime","BP"
"Citrus aurantium","sour orange","Milla 2020 Crop Origins"
"Citrus latifolia","Persian lime","BP"
"Citrus limettioides","Palestinian sweet lime","Blancke 2016"
"Citrus limon","lemon","BP"
"Citrus meyeri","meyer lemon","Lim, ""Edible Medicinal and Non-Medicinal Plants"""
"Citrus mitis","calamansi","Milla 2020 Crop Origins"
"Citrus paradisi","grapefruit","Milla 2020 Crop Origins"
"Citrus unshiu","satsuma mandarin","SJ"
"Citrus x floridana","limequat","Lim, ""Edible Medicinal and Non-Medicinal Plants"""
"Citrus x limonia","rangpur","Blancke 2016"
"Citrus x taitensis","rough lemon","Lim, ""Edible Medicinal and Non-Medicinal Plants"""
"Claytonia perfoliata","indian lettuce","Milla 2020 Crop Origins"
"Cleome gynandra","shona cabbage","BP"
"Coix lachryma-jobi","job's tears","Lim, ""Edible Medicinal and Non-Medicinal Plants"""
"Cola nitida","kola nut","Lim, ""Edible Medicinal and Non-Medicinal Plants"""
"Commelina diffusa","climbing dayflower","Peters, ""Edible Wild Plants of Subsaharan Africa"""
"Cordia africana","sudan teak","Peters, ""Edible Wild Plants of Subsaharan Africa"""
"Cordia dodecandra","ciricote","Sterling, ""Yucatan"""
"Cordyline fruticosa","ti plant","Lim, ""Edible Medicinal and Non-Medicinal Plants"""
"Costus erythrophyllus","violet spiral flag","Lim, ""Edible Medicinal and Non-Medicinal Plants"""
"Costus productus","orange tulip ginger","Lim, ""Edible Medicinal and Non-Medicinal Plants"""
"Crambe maritima","seacale","Milla 2020 Crop Origins"
"Crataegus orientalis","oriental hawthorn","Milla 2020 Crop Origins"
"Crotalaria longirostrata","longbeak rattlebox","Milla 2020 Crop Origins"
"Cucurbita pepo subsp. pepo","spaghetti squash","BP"
"Cucurbita pepo var. turbinata","acorn squash","BP"
"Curcuma mangga","mango ginger","Lim, ""Edible Medicinal and Non-Medicinal Plants"""
"Curcuma pierreana","curcuma genus","Milla 2020 Crop Origins"
"Curcuma zanthorrhiza","javanese turmeric","Lim, ""Edible Medicinal and Non-Medicinal Plants"""
"Cynometra cauliflora","nam-nam","Lim, ""Edible Medicinal and Non-Medicinal Plants"""
"Cyphomandra betacea","tamarillo","BP"
"Daucus carota subsp. sativus","carrot","BP"
"Dialium indum","tamarind plum","Lim, ""Edible Medicinal and Non-Medicinal Plants"""
"Dianthus barbatus","sweet william","Lim, ""Edible Medicinal and Non-Medicinal Plants"""
"Digitaria iburua","fonio","JL"
"Dillenia serrata","dongi","Lim, ""Edible Medicinal and Non-Medicinal Plants"""
"Dimocarpus fumatus","green mata kucing","Lim, ""Edible Medicinal and Non-Medicinal Plants"""
"Dioscorea cayennensis","white yam","Milla 2020 Crop Origins"
"Dioscorea flabellifolia","fanleaf yam","Milla 2020 Crop Origins"
"Dioscorea rotundata","white yam","BP"
"Diospyros discolor","velvet apple","Milla 2020 Crop Origins"
"Diospyros major","mapa","Milla 2020 Crop Origins"
"Diuris semilunulata","late leopard orchid","Lim, ""Edible Medicinal and Non-Medicinal Plants"""
"Dovyalis caffra","aberia caffra","Milla 2020 Crop Origins"
"Durio dulcis","red durian","Lim, ""Edible Medicinal and Non-Medicinal Plants"""
"Durio graveolens","red-fleshed durian","Lim, ""Edible Medicinal and Non-Medicinal Plants"""
"Durio kinabaluensis","durian kinabalu","Lim, ""Edible Medicinal and Non-Medicinal Plants"""
"Durio kutejensis","durian pulu","Lim, ""Edible Medicinal and Non-Medicinal Plants"""
"Durio testudinarum","durian kura-kura","Lim, ""Edible Medicinal and Non-Medicinal Plants"""
"Elaeagnus multiflora","goumi","Milla 2020 Crop Origins"
"Elaeocarpus floribundus","indian olive","Milla 2020 Crop Origins"
"Eleiodoxa conferta","asam kelubi","Lim, ""Edible Medicinal and Non-Medicinal Plants"""
"Entada phaseolides","st thomas bean","Lim, ""Edible Medicinal and Non-Medicinal Plants"""
"Enydra fluctuans","buffalo spinach","BP"
"Erioglossum rubiginosum","aboi","Milla 2020 Crop Origins"
"Etlingera hemisphaerica","helani tulip ginger","Lim, ""Edible Medicinal and Non-Medicinal Plants"""
"Eucheuma","eucheuma seaweeds","FAO Cultured Aquatic Species Fact Sheets"
"Exocarpos cupressiformis","native cherry","Newton, ""The Oldest Foods on Earth"""
"Feronia limonia","wood apple","Milla 2020 Crop Origins"
"Ficus aspera","mosaic fig","Lim, ""Edible Medicinal and Non-Medicinal Plants"""
"Ficus copiosa","plentiful fig","Newton, ""The Oldest Foods on Earth"""
"Ficus coronata","sandpaper fig","Newton, ""The Oldest Foods on Earth"""
"Ficus dammaropsis","kapiak","Lim, ""Edible Medicinal and Non-Medicinal Plants"""
"Ficus rubiginosa","rusty fig","Lim, ""Edible Medicinal and Non-Medicinal Plants"""
"Flacourtia inermis","lovi-lovi","Lim, ""Edible Medicinal and Non-Medicinal Plants"""
"Flindersia maculosa","leopardwood","Newton, ""The Oldest Foods on Earth"""
"Foeniculum vulgare","fennel","Lim, ""Edible Medicinal and Non-Medicinal Plants"""
"Fragaria","strawberry","BP"
"Fragaria ananassa","strawberry","Milla 2020 Crop Origins"
"Freesia leichtlinii","freesia","Lim, ""Edible Medicinal and Non-Medicinal Plants"""
"Fuchsia x hybrida","fuchsia","Lim, ""Edible Medicinal and Non-Medicinal Plants"""
"Garcinia atroviridis","asam gelugor","Lim, ""Edible Medicinal and Non-Medicinal Plants"""
"Garcinia cochinchinensis","false mangosteen","Milla 2020 Crop Origins"
"Garcinia cowa","cowa fruit","Lim, ""Edible Medicinal and Non-Medicinal Plants"""
"Garcinia dulcis","mundu","Lim, ""Edible Medicinal and Non-Medicinal Plants"""
"Garcinia forbesii","rose kandis","Lim, ""Edible Medicinal and Non-Medicinal Plants"""
"Garcinia hombroniana","seashore mangosteen","Lim, ""Edible Medicinal and Non-Medicinal Plants"""
"Garcinia humilis","achacha","Lim, ""Edible Medicinal and Non-Medicinal Plants"""
"Garcinia indica","goa butter","Milla 2020 Crop Origins"
"Garcinia intermedia","lemon drop mangosteen","Lim, ""Edible Medicinal and Non-Medicinal Plants"""
"Garcinia livingstonei","african mangosteen","Lim, ""Edible Medicinal and Non-Medicinal Plants"""
"Garcinia macrophylla","big leaf garcinia","Lim, ""Edible Medicinal and Non-Medicinal Plants"""
"Garcinia madruno","charichuela","Lim, ""Edible Medicinal and Non-Medicinal Plants"""
"Garcinia malaccensis","forest mangosteen","Lim, ""Edible Medicinal and Non-Medicinal Plants"""
"Garcinia multiflora","doc","Milla 2020 Crop Origins"
"Garcinia nervosa","pear mangosteen","Lim, ""Edible Medicinal and Non-Medicinal Plants"""
"Garcinia nitida","kandis hutan","Lim, ""Edible Medicinal and Non-Medicinal Plants"""
"Garcinia parvifolia","kundong","Lim, ""Edible Medicinal and Non-Medicinal Plants"""
"Garcinia prainiana","button mangosteen","Lim, ""Edible Medicinal and Non-Medicinal Plants"""
"Garcinia schomburgkiana","ma dan","Lim, ""Edible Medicinal and Non-Medicinal Plants"""
"Garcinia spicata","gamboge tree","Lim, ""Edible Medicinal and Non-Medicinal Plants"""
"Gelidium","red algae (agar)","Eschliman, ""Ingredients"""
"Gladiolus grandiflorus","gladiolus","Lim, ""Edible Medicinal and Non-Medicinal Plants"""
"Glebionis segetum","corn marigold","Milla 2020 Crop Origins"
"Gnetum buchholzianum","jointfir","Peters, ""Edible Wild Plants of Subsaharan Africa"""
"Gracilaria","gracilaria seaweeds (agar)","FAO Cultured Aquatic Species Fact Sheets"
"Grewia asiatica","phalsa","Lim, ""Edible Medicinal and Non-Medicinal Plants"""
"Gurania","jungle cucumber","Lachat"
"Hibiscus radiatus","monarch rosemallow","Milla 2020 Crop Origins"
"Hibiscus sabdariffa","roselle","BP"
"Hibiscus schizopetalus","fringed rose mallow","Lim, ""Edible Medicinal and Non-Medicinal Plants"""
"Hibiscus tiliaceus","sea hibiscus","Lim, ""Edible Medicinal and Non-Medicinal Plants"""
"Horsfieldia australiana","cape nutmeg","Lim, ""Edible Medicinal and Non-Medicinal Plants"""
"Hua gaboni","tropical garlic","BP"
"Hydrolea zeylanica","leheti bon","Milla 2020 Crop Origins"
"Hyptis suaveolens","pignut","Milla 2020 Crop Origins"
"Inga feuilleei","pacay","Milla 2020 Crop Origins"
"Ipomoea eriocarpa","morning glory","Milla 2020 Crop Origins"
"Ipomoea mammosa","ipomoea genus","Milla 2020 Crop Origins"
"Iris x germanica","bearded iris","Lim, ""Edible Medicinal and Non-Medicinal Plants"""
"Irvingia gabonensis","bush mango","BP"
"Iva annua","sumpweed","Milla 2020 Crop Origins"
"Jacaratia mexicana","wild papaya","Sterling, ""Yucatan"""
"Juglans honorei","colombian walnut","Milla 2020 Crop Origins"
"Kunzea pomifera","muntries","Newton, ""The Oldest Foods on Earth"""
"Kyllinga brevifolia","shortleaf spikesedge","Kuete, ""Medicinal Spices and Vegetables from Africa"""
"Laminaria japonica","japanese kelp","FAO Cultured Aquatic Species Fact Sheets"
"Landolphia dulcis","landolphia","Peters, ""Edible Wild Plants of Subsaharan Africa"""
"Lansium parasiticum","langsat","Milla 2020 Crop Origins"
"Lanxangia tsaoko","tsaoko amomum","Lim, ""Edible Medicinal and Non-Medicinal Plants"""
"Launaea taraxacifolia","african lettuce","Milla 2020 Crop Origins"
"Lavandula stoechas","spanish lavender","Lim, ""Edible Medicinal and Non-Medicinal Plants"""
"Lepisanthes fruticosa","luna nut","Lim, ""Edible Medicinal and Non-Medicinal Plants"""
"Levisticum officinale","lovage","Milla 2020 Crop Origins"
"Lippia adoensis","koseret","Milla 2020 Crop Origins"
"Lippia graveolens","mexican oregano","Sterling, ""Yucatan"""
"Litsea calophylla","tagutugan","Milla 2020 Crop Origins"
"Litsea garciae","engkala (common name)","Lim, ""Edible Medicinal and Non-Medicinal Plants"""
"Lucuma campechiana","canistel","Sterling, ""Yucatan"""
"Lupinus tauris","tauri","Milla 2020 Crop Origins"
"Lycianthes moziniana","tlanoxtle","Milla 2020 Crop Origins"
"Macadamia tetraphylla","macadamia nut","Lim, ""Edible Medicinal and Non-Medicinal Plants"""
"Malpighia urens","cowhage","Milla 2020 Crop Origins"
"Malus turkmenorum","jablonja turkmenskaja","Milla 2020 Crop Origins"
"Malvaviscus arboreus","wax mallow","Lim, ""Edible Medicinal and Non-Medicinal Plants"""
"Mammea americana","mamey","Lim, ""Edible Medicinal and Non-Medicinal Plants"""
"Mangifera caesia","binjai","Lim, ""Edible Medicinal and Non-Medicinal Plants"""
"Mangifera kemanga","kemang","Lim, ""Edible Medicinal and Non-Medicinal Plants"""
"Mangifera pajang","wild mango","Lim, ""Edible Medicinal and Non-Medicinal Plants"""
"Mangifera quadrifida","asam kumbang","Lim, ""Edible Medicinal and Non-Medicinal Plants"""
"Mangifera similis","lamantan","Lim, ""Edible Medicinal and Non-Medicinal Plants"""
"Manilkara jaimiqui","wild dilly","Lim, ""Edible Medicinal and Non-Medicinal Plants"""
"Manilkara kauki","caqui","Lim, ""Edible Medicinal and Non-Medicinal Plants"""
"Marsdenia australis","bush banana","Newton, ""The Oldest Foods on Earth"""
"Melilotus macrorhizus","tall melilot","Milla 2020 Crop Origins"
"Mentha","mint","BP"
"Merrillia caloxylon","flowering merrillia","Lim, ""Edible Medicinal and Non-Medicinal Plants"""
"Metroxylon sagu","sago palm","FAO major crops 2019"
"Michelia mediocris","michelia","Lim, ""Edible Medicinal and Non-Medicinal Plants"""
"Microlaena stipoides","alpine rice","Newton, ""The Oldest Foods on Earth"""
"Mirabilis expansa","mauka","Lim, ""Edible Medicinal and Non-Medicinal Plants"""
"Morinda officinalis","indian mulberry","Lim, ""Edible Medicinal and Non-Medicinal Plants"""
"Mucuna pachylobia","fleshy pod bean","Milla 2020 Crop Origins"
"Myrciaria dubia","camu-camu","Lim, ""Edible Medicinal and Non-Medicinal Plants"""
"Myrica rubra","chinese bayberry","Milla 2020 Crop Origins"
"Myristica fatua","wild nutmeg","Lim, ""Edible Medicinal and Non-Medicinal Plants"""
"Nephelium cuspidatum","giant rambutan","Lim, ""Edible Medicinal and Non-Medicinal Plants"""
"Nephelium maingayi","serait","Lim, ""Edible Medicinal and Non-Medicinal Plants"""
"Nephelium mutabile","pulasan","Milla 2020 Crop Origins"
"Nephelium ramboutan-ake","pulasan","Lim, ""Edible Medicinal and Non-Medicinal Plants"""
"Nigella sativa","black caraway","Kuete, ""Medicinal Spices and Vegetables from Africa"""
"Nopalea cochenillifera","cochineal cactus","Lim, ""Edible Medicinal and Non-Medicinal Plants"""
"Nopalea dejecta","spiny nopal","Milla 2020 Crop Origins"
"Nymphaea x rubra","red water lily","Lim, ""Edible Medicinal and Non-Medicinal Plants"""
"Ocotea quixos","canela de ceilan","Milla 2020 Crop Origins"
"Omphalea megacarpa","hunter nut","Milla 2020 Crop Origins"
"Opuntia boldinghii","opuntia genus","Milla 2020 Crop Origins"
"Opuntia crystalenia","nopal cristal","Milla 2020 Crop Origins"
"Opuntia elatior","red flower prickly pear","Milla 2020 Crop Origins"
"Opuntia leucotricha","arborescent pricklypear","Milla 2020 Crop Origins"
"Opuntia monacantha","drooping prickly pear","Lim, ""Edible Medicinal and Non-Medicinal Plants"""
"Opuntia robusta","wheel cactus","Milla 2020 Crop Origins"
"Opuntia stricta","erect prickly pear","Lim, ""Edible Medicinal and Non-Medicinal Plants"""
"Opuntia undulata","cactus jungle","Milla 2020 Crop Origins"
"Oxalis deppei","iron cross plant","Milla 2020 Crop Origins"
"Oxypolis filiformis","water cowbane","BP"
"Pachyrhizus ahipa","ahipa","Lim, ""Edible Medicinal and Non-Medicinal Plants"""
"Pachyrhizus tuberosus","jicama","Milla 2020 Crop Origins"
"Paeonia x suffruticosa","tree peonies","Lim, ""Edible Medicinal and Non-Medicinal Plants"""
"Pandanus brosimos","wild karuka","Milla 2020 Crop Origins"
"Pandanus julianettii","karuka nut","Lim, ""Edible Medicinal and Non-Medicinal Plants"""
"Pangium edule","pangi","Lim, ""Edible Medicinal and Non-Medicinal Plants"""
"Passiflora mollissima","banana poka","Milla 2020 Crop Origins"
"Passiflora pinnatistipula","poro poro","Milla 2020 Crop Origins"
"Paullinia cupana","guarana","Lim, ""Edible Medicinal and Non-Medicinal Plants"""
"Pennisetum glaucum","millet pearl","FAO major crops 2019"
"Pentaspadon motleyi","pelong","Lim, ""Edible Medicinal and Non-Medicinal Plants"""
"Petunia hybrida","petunia","Lim, ""Edible Medicinal and Non-Medicinal Plants"""
"Phaleria capitata","ongael","Lim, ""Edible Medicinal and Non-Medicinal Plants"""
"Phaseolus dumosus","year long bean","Milla 2020 Crop Origins"
"Phaseolus ritensis","santa rita mountain bean","Milla 2020 Crop Origins"
"Phoenix atlantica","cape verde island date palm","Milla 2020 Crop Origins"
"Phoenix sylvestris","wild date plum","Milla 2020 Crop Origins"
"Phyllanthus acidus","sour gooseberry","BP"
"Phyllanthus distichus","otaheite gooseberry","Milla 2020 Crop Origins"
"Phyllanthus emblica","indian gooseberry","Lim, ""Edible Medicinal and Non-Medicinal Plants"""
"Physalis alkekengi","winter cherry","Milla 2020 Crop Origins"
"Pinus cembroides","pine nut","BP"
"Pinus coulteri","pine nut","BP"
"Pinus culminicola","pine nut","BP"
"Pinus edulis","pine nut","BP"
"Pinus johannis","pine nut","BP"
"Pinus orizabensis","pine nut","BP"
"Pinus quadrifolia","pine nut","BP"
"Pinus remota","pine nut","BP"
"Pinus sabiniana","pine nut","BP"
"Pisum sativum var. macrocarpum","snow pea","BP"
"Pithecellobium jiringa","jenkol","Milla 2020 Crop Origins"
"Planchonia careya","cocky apple","Newton, ""The Oldest Foods on Earth"""
"Plantago arenaria","french psyllium","BP"
"Platostoma palustre","chinese mestoma","BP"
"Plectranthus amboinicus","cuban oregano","Milla 2020 Crop Origins"
"Polianthes tuberosa","tuberose","Lim, ""Edible Medicinal and Non-Medicinal Plants"""
"Polygala butyracea","black beniseed","Milla 2020 Crop Origins"
"Polygonum maximowiczii","water pepper","Milla 2020 Crop Origins"
"Polygonum odoratum","vietnamese coriander","BP"
"Polymnia sonchifolia","yacon","Milla 2020 Crop Origins"
"Polystichum munitum","fiddleheads","JL"
"Poncirus trifoliata","trifoliate orange","Lim, ""Edible Medicinal and Non-Medicinal Plants"""
"Porphyra umbilicalis","laver","Knorr, ""Future 50 Foods"""
"Pourouma cecropiifolia","amazon grape","Lim, ""Edible Medicinal and Non-Medicinal Plants"""
"Pouteria lucuma","lucumo","Milla 2020 Crop Origins"
"Pouteria procera","macarandiba","Milla 2020 Crop Origins"
"Pouteria sapota","mamey sapote","Sterling, ""Yucatan"""
"Pouteria viridis","green sapote","Lim, ""Edible Medicinal and Non-Medicinal Plants"""
"Primula x polyantha","polyanthus primrose","Lim, ""Edible Medicinal and Non-Medicinal Plants"""
"Proboscidea louisianica","unicorn plant","Milla 2020 Crop Origins"
"Pseudocydonia sinensis","chinese-quince","Lim, ""Edible Medicinal and Non-Medicinal Plants"""
"Psidium acutangulum","para guava","Lim, ""Edible Medicinal and Non-Medicinal Plants"""
"Psidium cattleianum","cattley guava","Lim, ""Edible Medicinal and Non-Medicinal Plants"""
"Psidium friedrichsthalianum","costa rican guava","Lim, ""Edible Medicinal and Non-Medicinal Plants"""
"Psidium guineense","brazilian guava","Lim, ""Edible Medicinal and Non-Medicinal Plants"""
"Psophocarpus scandens","tropical african winged bean","BP"
"Pterostylis curta","blunt greenhood","Lim, ""Edible Medicinal and Non-Medicinal Plants"""
"Pterostylis pedunculata","maroonhood","Lim, ""Edible Medicinal and Non-Medicinal Plants"""
"Pueraria montana var. lobata","east asian arrowroot","Lim, ""Edible Medicinal and Non-Medicinal Plants"""
"Pyropia tenera","nori","JL"
"Pyropia yezoensis","nori","JL"
"Pyrus bretschneideri","ya pear","Lim, ""Edible Medicinal and Non-Medicinal Plants"""
"Pyrus x sinkiangensis","xinjiang pear","BP"
"Quararibea cordata","south american sapote","Lim, ""Edible Medicinal and Non-Medicinal Plants"""
"Raphanus sativus var. longipinnatus","daikon","Knorr, ""Future 50 Foods"""
"Ribes cynosbati","dogberry","Milla 2020 Crop Origins"
"Ribes divaricatum","coast gooseberry","BP"
"Ribes hirtellum","american gooseberry","BP"
"Ribes lobbii","gummy gooseberry","BP"
"Ribes longiracemosum","ribes genus","Milla 2020 Crop Origins"
"Ribes oxyacanthoides subsp. irriguum","idaho gooseberry","BP"
"Ribes petraeum","rock red currant","Milla 2020 Crop Origins"
"Ribes spicatum","nordic currant","Milla 2020 Crop Origins"
"Ribes uva-crispa","gooseberry","Lim, ""Edible Medicinal and Non-Medicinal Plants"""
"Ribes x nidigrolaria","jostaberry","Lim, ""Edible Medicinal and Non-Medicinal Plants"""
"Rollinia dolabripetala","lancewood","Milla 2020 Crop Origins"
"Rollinia mucosa","biriba","Lim, ""Edible Medicinal and Non-Medicinal Plants"""
"Rolliniopsis discreta","monkey fruit","Milla 2020 Crop Origins"
"Rosa x hybrida","hybrid tea rose","Lim, ""Edible Medicinal and Non-Medicinal Plants"""
"Rosa x rugosa","rugosa rose","Lim, ""Edible Medicinal and Non-Medicinal Plants"""
"Rubus allegheniensis","common blackberry","van Wyk, ""Food Plants of the World"""
"Rubus brasiliensis","amorinha verde","Milla 2020 Crop Origins"
"Rubus fruticosus","european blackberry","BP"
"Rubus glaucus","andean raspberry","Milla, ""CropOrigins and PhyloFood"""
"Rubus hybrid cultivar","marionberry","https://ucanr.edu/blogs/blogcore/postdetail.cfm?postnum=51799#:~:text=Then%20those%20USDA%20breeders%20crossed,top%20blackberry%2Dgrowing%20U.S.%20state."
"Rubus laciniatus","evergreen blackberry","Milla, ""CropOrigins and PhyloFood"""
"Rubus loganobaccus","boysenberry","JL"
"Rubus ursinus x idaeus","boysenberry","Lim, ""Edible Medicinal and Non-Medicinal Plants"""
"Rubus x loganobaccus","loganberry","Lim, ""Edible Medicinal and Non-Medicinal Plants"""
"Sagittaria sagittifolia","arrow head","Milla 2020 Crop Origins"
"Salacca affinis","red salak","Lim, ""Edible Medicinal and Non-Medicinal Plants"""
"Salacca glabrescens","jungle salak","Lim, ""Edible Medicinal and Non-Medicinal Plants"""
"Salacca magnifica","greater salak","Lim, ""Edible Medicinal and Non-Medicinal Plants"""
"Salacca wallichiana","rakum palm","Lim, ""Edible Medicinal and Non-Medicinal Plants"""
"Salicornia quinqueflora","beaded samphire","Newton, ""The Oldest Foods on Earth"""
"Salsola komarovii","land seaweed","Milla 2020 Crop Origins"
"Salsola soda","saltwort","JL"
"Sandoricum koetjape","santol","Lim, ""Edible Medicinal and Non-Medicinal Plants"""
"Sarcotheca diversifolia","jungle belimbing","Lim, ""Edible Medicinal and Non-Medicinal Plants"""
"Sauropus androgynus","katuk","BP"
"Scaphium macropodum","malva nut","Lim, ""Edible Medicinal and Non-Medicinal Plants"""
"Scorodocarpus borneensis","garlic nut","Lim, ""Edible Medicinal and Non-Medicinal Plants"""
"Scorzonera hispanica","black salsify","JL"
"Secale cereale x Triticum aestivum","triticale","BP"
"Sechium edule","chayote","Sterling, ""Yucatan"""
"Sechium tacaco","tacaco","Milla 2020 Crop Origins"
"Senna timoriensis","limestone cassia","Lim, ""Edible Medicinal and Non-Medicinal Plants"""
"Sesamum radiatum","benniseed","Milla 2020 Crop Origins"
"Sesbania javanica","marsh sesbania","Lim, ""Edible Medicinal and Non-Medicinal Plants"""
"Sida rhombifolia","arrowleaf sida","Milla 2020 Crop Origins"
"Smallanthus sonchifolius","yacon","JL"
"Smilax glyciphylla","sweet sarsaparilla","Newton, ""The Oldest Foods on Earth"""
"Solanum betaceam","tamarillo","Lim, ""Edible Medicinal and Non-Medicinal Plants"""
"Solanum curtilobum","papa rucki","Milla 2020 Crop Origins"
"Solanum duplosinuatum","bussu","Milla 2020 Crop Origins"
"Solanum goniocalyx","papa amarilla","Milla 2020 Crop Origins"
"Solanum stenostomum","pitiqui?a","Milla 2020 Crop Origins"
"Solanum uporo","poro poro","Milla 2020 Crop Origins"
"Solanum viride","cannibals tomato","Milla 2020 Crop Origins"
"Sorbus domestica","sorb tree","Lim, ""Edible Medicinal and Non-Medicinal Plants"""
"Sphenostylis stenocarpa","african yam bean","Milla 2020 Crop Origins"
"Spilanthes acmella","paracress","Milla 2020 Crop Origins"
"Spondias cytherea","ambarella","Lim, ""Edible Medicinal and Non-Medicinal Plants"""
"Spondias lakonensis","ling nan suan zao","Milla 2020 Crop Origins"
"Sterculia parviflora","common sterculia","Lim, ""Edible Medicinal and Non-Medicinal Plants"""
"Syzygium anisatum","aniseed myrtle","Newton, ""The Oldest Foods on Earth"""
"Syzygium australe","brush cherry","Lim, ""Edible Medicinal and Non-Medicinal Plants"""
"Syzygium formosum","phul jamb","Milla 2020 Crop Origins"
"Syzygium luehmannii","riberry","Lim, ""Edible Medicinal and Non-Medicinal Plants"""
"Syzygium polycephalum","gowok","Lim, ""Edible Medicinal and Non-Medicinal Plants"""
"Syzygium smithii","lilly pilly","Lim, ""Edible Medicinal and Non-Medicinal Plants"""
"Syzygium suborbiculare","red bush apple","Lim, ""Edible Medicinal and Non-Medicinal Plants"""
"Tagetes lucida","sweet scent marigold","Lim, ""Edible Medicinal and Non-Medicinal Plants"""
"Tagetes tenuifolia","signet marigold","Lim, ""Edible Medicinal and Non-Medicinal Plants"""
"Talisia esculenta","pitomba","Milla 2020 Crop Origins"
"Talisia olivaeformis","honeyberry","Sterling, ""Yucatan"""
"Taraxacum campylodes","dandelion","Milla 2020 Crop Origins"
"Telopea speciosissima","new south wales waratah","Lim, ""Edible Medicinal and Non-Medicinal Plants"""
"Terminalia cunninghamii","pindan walnut","Newton, ""The Oldest Foods on Earth"""
"Terminalia ferdinandiana","kakadu plum","Lim, ""Edible Medicinal and Non-Medicinal Plants"""
"Terminalia kaernbachii","okari nut","Lim, ""Edible Medicinal and Non-Medicinal Plants"""
"Tetragonia tetragonioides","new zealand spinach","Newton, ""The Oldest Foods on Earth"""
"Theobroma bicolor","mocambo","Lim, ""Edible Medicinal and Non-Medicinal Plants"""
"Theobroma microcarpum","cacao de monte","Milla 2020 Crop Origins"
"Thymus herba-barona","caraway thyme","Milla 2020 Crop Origins"
"Trichosanthes japonica","kikarasu uri","Milla 2020 Crop Origins"
"Triticum aestivum subsp. compactum","club wheat","GRIN Taxonomy for Plants"
"Triticum aestivum subsp. sphaerococcum","indian dwarf wheat","GRIN Taxonomy for Plants"
"Triticum araraticum","wild hulled wheat","GRIN Taxonomy for Plants"
"Triticum boeoticum","einkorn wheat","Milla 2020 Crop Origins"
"Triticum dicoccon","farro","JL"
"Triticum durum","durum wheat","JL"
"Triticum monococcum subsp. aegilopoides","wild einkorn","GRIN Taxonomy for Plants"
"Triticum sphaerococcum","shot wheat","Milla 2020 Crop Origins"
"Triticum turanicum","Khorasan wheat","JL"
"Triticum turgidum subsp. carthlicum","persian wheat","GRIN Taxonomy for Plants"
"Triticum turgidum subsp. dicoccoides","wild emmer wheat","GRIN Taxonomy for Plants"
"Triticum turgidum subsp. dicoccum","emmer wheat","GRIN Taxonomy for Plants"
"Triticum turgidum subsp. durum","durum wheat","BP"
"Triticum turgidum subsp. paleocolchicum","emmer wheat","GRIN Taxonomy for Plants"
"Triticum turgidum subsp. polonicum","polish wheat","GRIN Taxonomy for Plants"
"Triticum turgidum subsp. turanicum","khorasan wheat","GRIN Taxonomy for Plants"
"Triticum vavilovii","spelt","GRIN Taxonomy for Plants"
"Tropaeolum leptophyllum","tropaeolum genus","Milla 2020 Crop Origins"
"Tropaeolum tuberosum","mashua","Lim, ""Edible Medicinal and Non-Medicinal Plants"""
"Tulip gesneriana","garden tulip","Lim, ""Edible Medicinal and Non-Medicinal Plants"""
"Ullucus tuberosus","ullucus","BP"
"Undaria pinnatifida","wakame","FAO Cultured Aquatic Species Fact Sheets"
"Urena lobata","urena congo jute","FAO major crops 2019"
"Vaccinium ashei","rabbiteye blueberry","van Wyk, ""Food Plants of the World"""
"Vaccinium oxycoccos","small cranberry","Milla 2020 Crop Origins"
"Vaccinium tenellum","southern blueberry","BP"
"Valeriana sambucifolia","elder leaved valerian","Milla 2020 Crop Origins"
"Vanilla tahitensis","tahitian vanilla","Milla 2020 Crop Origins"
"Vasconcellea pubescens","mountain papaya","Milla 2020 Crop Origins"
"Vicia articulata","black lentil","Milla 2020 Crop Origins"
"Vicia graminea","vicia chica","Milla 2020 Crop Origins"
"Victoria amazonica","uape jacana","Lim, ""Edible Medicinal and Non-Medicinal Plants"""
"Vigna lanceolata","native bean","Newton, ""The Oldest Foods on Earth"""
"Vigna unguiculata subsp. sesquipedalis","asparagus bean","JL"
"Viola hederacea","australian violet","Lim, ""Edible Medicinal and Non-Medicinal Plants"""
"Viola odorata","wood violet","Lim, ""Edible Medicinal and Non-Medicinal Plants"""
"Viola x wittrockiana","garden pansy","Lim, ""Edible Medicinal and Non-Medicinal Plants"""
"Wasabia japonica","wasabi","van Wyk, ""Food Plants of the World"""
"Willughbeia angustifolia","gerit-gerit","Lim, ""Edible Medicinal and Non-Medicinal Plants"""
"Wolffia arrhiza","least duckweed","Milla 2020 Crop Origins"
"Xanthophyllum amoenum","langgir","Lim, ""Edible Medicinal and Non-Medicinal Plants"""
"Xanthosoma","various starchy corms","JL"
"Xanthosoma belophyllum","chou blanc","Milla 2020 Crop Origins"
"Xanthosoma brasiliense","calalou","Milla 2020 Crop Origins"
"Xanthosoma caracu","yautia horqueta","Milla 2020 Crop Origins"
"Xanthosoma poeppigii","amankani","Milla 2020 Crop Origins"
"Xanthosoma undipes","choux caraibe","Milla 2020 Crop Origins"
"Xylopia aethiopica","grains of selim","Kuete, ""Medicinal Spices and Vegetables from Africa"""
"Yucca gigantea","spanish bayonet","Milla 2020 Crop Origins"
"Zanthoxylum capense","small knobwood","Kuete, ""Medicinal Spices and Vegetables from Africa"""
